,tts_median [KBJD],tts_err lower [days],tts_err upper [days],ttvs_median [min] ,ttvs_err lower [min],ttvs_err upper [min],P_median [days],t0_median [KBJD]
0,334.14259346806216,0.002485097089675037,0.002368967616291684,2.0482906812640067,2.1138797835645162,2.3425243324310934,240.79887938556556,334.1411167387704
1,574.9461218914535,0.0022459900529838706,0.0023789903469833007,8.774547503026042,2.5834371165441548,3.049245696213255,240.79887938556556,334.1411167387704
2,815.7217860674673,0.00196237769318941,0.0023933954345238817,-24.43303286160699,2.8305891765285196,2.8898550614405387,240.79887938556556,334.1411167387704
3,1056.546271188644,0.0023206883827242564,0.0022734171229785716,12.170231087511638,3.148056768813694,3.2616307540898575,240.79887938556556,334.1411167387704
4,1297.338528273653,0.002468061632498575,0.0024222880131219426,2.755524403310119,2.87721480305554,2.6039796092263714,240.79887938556556,334.1411167387704
5,1538.1344518947717,0.0025212789905708632,0.002396153030304049,-1.5286493517305644,2.281843893230689,2.2407645227001893,240.79887938556556,334.1411167387704
